2026-01-02,13:00,Piega - Taglio - Colore,at
2026-01-04,13:00,Piega - Taglio,q
2026-01-20,13:00,Piega,andy
2026-02-04,13:00,Piega,s
2026-02-07,13:00,Piega - Taglio - Keratina,a
2026-02-04,09:00,Keratina - Colore - Piega,a
2026-02-11,13:00,Piega - Taglio - Colore,a
2026-02-11,09:00,Piega,a
2026-05-15,09:00,Taglio - Piega,test@example.com
2026-02-18,09:00,Taglio - Colore,a
2026-02-05,09:00,Piega - Taglio,a
2026-01-02,13:00,Piega,a
2026-01-02,13:00,,a
2026-03-02,09:00,Piega,a
2026-03-02,09:00,,a
2026-02-12,09:00,Piega,a
2026-02-06,09:00,Taglio - Colore - Keratina,a
